LOSS,ACC,MAE,MSE,AUC,Precision,Recall,F1,MCC,TP,TN,FP,FN
0.056967709213495255,0.9248907566070557,0.2644270360469818,0.08800923079252243,0.8357552289962769,0.8666666746139526,0.03244592249393463,0.1433854103088379,0.04286446049809456,39.0,14356.0,6.0,1163.0
0.054687950760126114,0.9287831783294678,0.27269139885902405,0.08924634754657745,0.8508912324905396,0.7200000286102295,0.03194321319460869,0.13543228805065155,0.04111184924840927,36.0,14375.0,14.0,1091.0
0.054162126034498215,0.9286571145057678,0.2726079225540161,0.09017696976661682,0.8556358814239502,0.7117117047309875,0.06711979955434799,0.13834036886692047,0.07558433711528778,79.0,14630.0,32.0,1098.0
0.057830218225717545,0.9230819940567017,0.26584699749946594,0.08767423778772354,0.8433849215507507,0.8333333134651184,0.01689189113676548,0.14466367661952972,0.0167105570435524,20.0,13997.0,4.0,1164.0
0.05466293543577194,0.927347719669342,0.26244378089904785,0.08594491332769394,0.8538275361061096,0.7346938848495483,0.030821917578577995,0.13799621164798737,0.028820224106311798,36.0,14579.0,13.0,1132.0
