LOSS	ACC	MAE	MSE	AUC	Precision	Recall	F1	MCC	TP	TN	FP	FN
0.17949354648590088	0.5441595315933228	0.49006423354148865	0.24584569036960602	0.5910214185714722	0.5386388301849365	0.9713936448097229	0.692516028881073	0.021514980122447014	3973.0	229.0	3403.0	117.0
0.17052076756954193	0.5797720551490784	0.49604421854019165	0.24665890634059906	0.5	0.5797720551490784	1.0	0.7339945435523987	0.0	4477.0	0.0	3245.0	0.0
0.8272449374198914	0.5993502140045166	0.48988211154937744	0.30842071771621704	0.4358294606208801	0.6018168926239014	0.9484581351280212	0.7421331405639648	0.06709692627191544	4306.0	306.0	2849.0	234.0
0.15599237382411957	0.6575698256492615	0.4778827130794525	0.2309741973876953	0.7062051296234131	0.6345234513282776	0.9923059940338135	0.7430577278137207	0.3437540829181671	4514.0	546.0	2600.0	35.0
0.17817747592926025	0.5706302523612976	0.48136529326438904	0.24010927975177765	0.667739748954773	0.5619203448295593	0.978157639503479	0.7074829339981079	0.06335772573947906	4120.0	271.0	3212.0	92.0
