	test/accuracy	test/roc	test/prc	test/binary-mcc	test/f1
0	0.8777221441268921	0.9374837875366211	0.8863254189491272	0.40630853176116943	0.8067352175712585
