	test/accuracy	test/roc	test/prc	test/binary-mcc	test/f1
0	0.932106614112854	0.8479824066162109	0.414199560880661	0.19020241498947144	0.33208489418029785
